{"nm":"main project","ddd":0,"h":10,"w":325,"meta":{"g":"@lottiefiles/toolkit-js 0.26.1"},"layers":[{"ty":0,"nm":"Comp 1","sr":1,"st":0,"op":75,"ip":0,"hd":false,"ddd":0,"bm":0,"hasMask":false,"ao":0,"ks":{"a":{"a":0,"k":[162.5,7.5,0],"ix":1},"s":{"a":0,"k":[100,100,100],"ix":6},"sk":{"a":0,"k":0},"p":{"a":1,"k":[{"o":{"x":0.333,"y":0},"i":{"x":0.667,"y":1},"s":[162.5,5,0],"t":43,"ti":[-22.1666660308838,0,0],"to":[22.1666660308838,0,0]},{"s":[295.5,5,0],"t":53}],"ix":2},"r":{"a":0,"k":0,"ix":10},"sa":{"a":0,"k":0},"o":{"a":1,"k":[{"o":{"x":0.333,"y":0},"i":{"x":0.667,"y":1},"s":[100],"t":50},{"s":[0],"t":55}],"ix":11}},"ef":[],"w":325,"h":15,"refId":"comp_0","ind":1}],"v":"5.2.0","fr":15,"op":55,"ip":0,"assets":[{"nm":"","id":"comp_0","layers":[{"ty":1,"nm":"Lime Green Solid 1","sr":1,"st":0,"op":75,"ip":0,"hd":false,"ddd":0,"bm":0,"hasMask":false,"ao":0,"ks":{"a":{"a":0,"k":[162.5,7.5,0],"ix":1},"s":{"a":0,"k":[1.538,100,100],"ix":6},"sk":{"a":0,"k":0},"p":{"a":1,"k":[{"o":{"x":0.333,"y":0},"i":{"x":0.667,"y":1},"s":[-11.5,7.5,0],"t":20,"ti":[-36.6666679382324,0,0],"to":[36.6666679382324,0,0]},{"s":[208.5,7.5,0],"t":41}],"ix":2},"r":{"a":0,"k":0,"ix":10},"sa":{"a":0,"k":0},"o":{"a":0,"k":100,"ix":11}},"ef":[],"sc":"#222468","sh":15,"sw":325,"ind":1},{"ty":1,"nm":"Lime Green Solid 1","sr":1,"st":0,"op":75,"ip":0,"hd":false,"ddd":0,"bm":0,"hasMask":false,"ao":0,"ks":{"a":{"a":0,"k":[162.5,7.5,0],"ix":1},"s":{"a":0,"k":[3.692,100,100],"ix":6},"sk":{"a":0,"k":0},"p":{"a":1,"k":[{"o":{"x":0.333,"y":0},"i":{"x":0.667,"y":1},"s":[-11.5,7.5,0],"t":16,"ti":[-36.6666679382324,0,0],"to":[36.6666679382324,0,0]},{"s":[208.5,7.5,0],"t":36}],"ix":2},"r":{"a":0,"k":0,"ix":10},"sa":{"a":0,"k":0},"o":{"a":0,"k":100,"ix":11}},"ef":[],"sc":"#222468","sh":15,"sw":325,"ind":2},{"ty":1,"nm":"Lime Green Solid 1","sr":1,"st":0,"op":75,"ip":0,"hd":false,"ddd":0,"bm":0,"hasMask":false,"ao":0,"ks":{"a":{"a":0,"k":[162.5,7.5,0],"ix":1},"s":{"a":0,"k":[6.462,100,100],"ix":6},"sk":{"a":0,"k":0},"p":{"a":1,"k":[{"o":{"x":0.333,"y":0},"i":{"x":0.667,"y":1},"s":[-11.5,7.5,0],"t":11,"ti":[-36.5,0,0],"to":[36.5,0,0]},{"s":[207.5,7.5,0],"t":31}],"ix":2},"r":{"a":0,"k":0,"ix":10},"sa":{"a":0,"k":0},"o":{"a":0,"k":100,"ix":11}},"ef":[],"sc":"#222468","sh":15,"sw":325,"ind":3},{"ty":1,"nm":"Lime Green Solid 1","sr":1,"st":0,"op":75,"ip":0,"hd":false,"ddd":0,"bm":0,"hasMask":false,"ao":0,"ks":{"a":{"a":0,"k":[162.5,7.5,0],"ix":1},"s":{"a":0,"k":[16.615,100,100],"ix":6},"sk":{"a":0,"k":0},"p":{"a":1,"k":[{"o":{"x":0.333,"y":0},"i":{"x":0.667,"y":1},"s":[-39.5,7.5,0],"t":6,"ti":[-43.8333320617676,0,0],"to":[43.8333320617676,0,0]},{"s":[223.5,7.5,0],"t":24}],"ix":2},"r":{"a":0,"k":0,"ix":10},"sa":{"a":0,"k":0},"o":{"a":0,"k":100,"ix":11}},"ef":[],"sc":"#222468","sh":15,"sw":325,"ind":4},{"ty":1,"nm":"Lime Green Solid 1","sr":1,"st":0,"op":75,"ip":0,"hd":false,"ddd":0,"bm":0,"hasMask":false,"ao":0,"ks":{"a":{"a":0,"k":[162.5,7.5,0],"ix":1},"s":{"a":0,"k":[28.615,100,100],"ix":6},"sk":{"a":0,"k":0},"p":{"a":1,"k":[{"o":{"x":0.333,"y":0},"i":{"x":0.667,"y":1},"s":[-39.5,7.5,0],"t":0,"ti":[-54.5,0,0],"to":[54.5,0,0]},{"s":[287.5,7.5,0],"t":15}],"ix":2},"r":{"a":0,"k":0,"ix":10},"sa":{"a":0,"k":0},"o":{"a":0,"k":100,"ix":11}},"ef":[],"sc":"#222468","sh":15,"sw":325,"ind":5}]}]}